dataset_id,direction,year,horizon_valid_h1_bars,metric,total_events,evaluable_events,evaluation_coverage,mean_bps,median_bps,p25_bps,p75_bps,positive_share,zero_share,negative_share
FJ_2023_2025_GOLD_H1,LONG,2023,1,RETURN_BPS,176,176,1.000000,0.971745,0.249958,-10.085002,7.836027,0.505682,0.000000,0.494318
FJ_2023_2025_GOLD_H1,LONG,2023,3,RETURN_BPS,176,176,1.000000,0.453117,-1.268120,-14.931106,15.133663,0.477273,0.000000,0.522727
FJ_2023_2025_GOLD_H1,LONG,2023,6,RETURN_BPS,176,175,0.994318,-1.477727,-2.720476,-20.361748,18.834825,0.457143,0.000000,0.542857
FJ_2023_2025_GOLD_H1,LONG,2023,12,RETURN_BPS,176,172,0.977273,-0.763504,1.080259,-35.661876,30.556278,0.505814,0.000000,0.494186
FJ_2023_2025_GOLD_H1,LONG,2023,12,MFE_BPS,176,172,0.977273,46.587577,33.762450,15.059782,52.884034,0.994186,0.005814,0.000000
FJ_2023_2025_GOLD_H1,LONG,2023,12,MAE_BPS,176,172,0.977273,43.992455,30.972660,14.657966,63.396010,0.994186,0.005814,0.000000
FJ_2023_2025_GOLD_H1,LONG,2024,1,RETURN_BPS,216,216,1.000000,3.534104,3.190382,-4.283834,11.268988,0.583333,0.000000,0.416667
FJ_2023_2025_GOLD_H1,LONG,2024,3,RETURN_BPS,216,216,1.000000,2.357234,2.235899,-11.168387,15.416343,0.569444,0.000000,0.430556
FJ_2023_2025_GOLD_H1,LONG,2024,6,RETURN_BPS,216,215,0.995370,3.857068,5.168025,-16.153209,25.810399,0.562791,0.000000,0.437209
FJ_2023_2025_GOLD_H1,LONG,2024,12,RETURN_BPS,216,211,0.976852,11.085417,10.564221,-21.641376,48.400870,0.597156,0.004739,0.398104
FJ_2023_2025_GOLD_H1,LONG,2024,12,MFE_BPS,216,211,0.976852,51.257237,42.901345,19.118325,70.589178,1.000000,0.000000,0.000000
FJ_2023_2025_GOLD_H1,LONG,2024,12,MAE_BPS,216,211,0.976852,42.960408,33.781621,11.083740,55.966676,0.995261,0.004739,0.000000
FJ_2023_2025_GOLD_H1,LONG,2025,1,RETURN_BPS,196,196,1.000000,-2.418609,-1.993614,-10.831562,8.970024,0.428571,0.000000,0.571429
FJ_2023_2025_GOLD_H1,LONG,2025,3,RETURN_BPS,196,196,1.000000,1.286762,2.299385,-21.233039,21.697566,0.530612,0.000000,0.469388
FJ_2023_2025_GOLD_H1,LONG,2025,6,RETURN_BPS,196,196,1.000000,4.688772,5.949121,-22.157104,31.951923,0.566327,0.005102,0.428571
FJ_2023_2025_GOLD_H1,LONG,2025,12,RETURN_BPS,196,196,1.000000,9.088754,9.018650,-33.473487,47.661346,0.540816,0.000000,0.459184
FJ_2023_2025_GOLD_H1,LONG,2025,12,MFE_BPS,196,196,1.000000,58.906043,47.826934,21.866848,81.255376,1.000000,0.000000,0.000000
FJ_2023_2025_GOLD_H1,LONG,2025,12,MAE_BPS,196,196,1.000000,56.046767,39.513310,18.717935,78.887231,1.000000,0.000000,0.000000
FJ_2023_2025_GOLD_H1,SHORT,2023,1,RETURN_BPS,176,176,1.000000,0.388391,1.991822,-8.375110,9.038098,0.551136,0.000000,0.448864
FJ_2023_2025_GOLD_H1,SHORT,2023,3,RETURN_BPS,176,175,0.994318,1.684231,0.787691,-10.823747,15.868782,0.537143,0.000000,0.462857
FJ_2023_2025_GOLD_H1,SHORT,2023,6,RETURN_BPS,176,174,0.988636,2.495176,1.778888,-19.675642,23.885860,0.528736,0.000000,0.471264
FJ_2023_2025_GOLD_H1,SHORT,2023,12,RETURN_BPS,176,172,0.977273,-0.385416,0.533090,-32.049970,33.968538,0.511628,0.000000,0.488372
FJ_2023_2025_GOLD_H1,SHORT,2023,12,MFE_BPS,176,172,0.977273,43.953083,34.453459,15.142727,62.258364,0.994186,0.005814,0.000000
FJ_2023_2025_GOLD_H1,SHORT,2023,12,MAE_BPS,176,172,0.977273,40.946626,26.767508,13.207613,55.659171,0.994186,0.005814,0.000000
FJ_2023_2025_GOLD_H1,SHORT,2024,1,RETURN_BPS,160,158,0.987500,-1.058755,-0.886070,-11.745170,8.486993,0.468354,0.000000,0.531646
FJ_2023_2025_GOLD_H1,SHORT,2024,3,RETURN_BPS,160,158,0.987500,-2.333932,-5.883105,-22.712920,13.597357,0.417722,0.000000,0.582278
FJ_2023_2025_GOLD_H1,SHORT,2024,6,RETURN_BPS,160,156,0.975000,-2.877492,-3.732608,-27.806276,10.812914,0.423077,0.000000,0.576923
FJ_2023_2025_GOLD_H1,SHORT,2024,12,RETURN_BPS,160,156,0.975000,-0.796269,-8.869449,-34.663366,21.638604,0.461538,0.000000,0.538462
FJ_2023_2025_GOLD_H1,SHORT,2024,12,MFE_BPS,160,156,0.975000,47.808234,35.109908,12.326181,70.587302,0.987179,0.012821,0.000000
FJ_2023_2025_GOLD_H1,SHORT,2024,12,MAE_BPS,160,156,0.975000,48.828033,39.726947,25.243984,63.181172,1.000000,0.000000,0.000000
FJ_2023_2025_GOLD_H1,SHORT,2025,1,RETURN_BPS,155,155,1.000000,2.029795,-0.241152,-16.994702,17.715406,0.496774,0.000000,0.503226
FJ_2023_2025_GOLD_H1,SHORT,2025,3,RETURN_BPS,155,155,1.000000,3.066802,-8.009342,-29.610052,25.522160,0.412903,0.000000,0.587097
FJ_2023_2025_GOLD_H1,SHORT,2025,6,RETURN_BPS,155,155,1.000000,0.581554,-4.209804,-40.925252,25.451418,0.451613,0.000000,0.548387
FJ_2023_2025_GOLD_H1,SHORT,2025,12,RETURN_BPS,155,152,0.980645,-1.647313,-12.954672,-53.143251,33.663372,0.407895,0.000000,0.592105
FJ_2023_2025_GOLD_H1,SHORT,2025,12,MFE_BPS,155,152,0.980645,71.128914,40.086884,18.779434,86.831007,0.986842,0.013158,0.000000
FJ_2023_2025_GOLD_H1,SHORT,2025,12,MAE_BPS,155,152,0.980645,64.592394,55.921540,25.800098,84.624944,0.986842,0.013158,0.000000
FP_FQ_2020_2022_GOLD_H1,LONG,2020,1,RETURN_BPS,79,75,0.949367,4.830612,1.150179,-10.439048,12.864150,0.533333,0.000000,0.466667
FP_FQ_2020_2022_GOLD_H1,LONG,2020,3,RETURN_BPS,79,67,0.848101,7.620362,0.621002,-18.461778,21.190126,0.507463,0.000000,0.492537
FP_FQ_2020_2022_GOLD_H1,LONG,2020,6,RETURN_BPS,79,44,0.556962,11.894275,3.109354,-17.462278,42.552187,0.545455,0.000000,0.454545
FP_FQ_2020_2022_GOLD_H1,LONG,2020,12,RETURN_BPS,79,28,0.354430,-11.316446,-3.612522,-29.042073,50.947342,0.464286,0.000000,0.535714
FP_FQ_2020_2022_GOLD_H1,LONG,2020,12,MFE_BPS,79,28,0.354430,76.208681,46.725898,18.690525,97.324342,1.000000,0.000000,0.000000
FP_FQ_2020_2022_GOLD_H1,LONG,2020,12,MAE_BPS,79,28,0.354430,84.211926,53.797930,9.376102,89.759622,1.000000,0.000000,0.000000
FP_FQ_2020_2022_GOLD_H1,LONG,2021,1,RETURN_BPS,88,84,0.954545,3.309884,1.070280,-7.811675,11.255550,0.559524,0.000000,0.440476
FP_FQ_2020_2022_GOLD_H1,LONG,2021,3,RETURN_BPS,88,74,0.840909,4.629333,6.320322,-8.957267,16.086718,0.567568,0.000000,0.432432
FP_FQ_2020_2022_GOLD_H1,LONG,2021,6,RETURN_BPS,88,44,0.500000,6.730684,-2.565736,-11.538436,22.060152,0.477273,0.000000,0.522727
FP_FQ_2020_2022_GOLD_H1,LONG,2021,12,RETURN_BPS,88,31,0.352273,8.860934,9.496943,-19.923692,34.865810,0.548387,0.000000,0.451613
FP_FQ_2020_2022_GOLD_H1,LONG,2021,12,MFE_BPS,88,31,0.352273,47.832291,40.462328,21.003696,63.166455,1.000000,0.000000,0.000000
FP_FQ_2020_2022_GOLD_H1,LONG,2021,12,MAE_BPS,88,31,0.352273,38.866321,28.572374,13.732480,50.557884,0.967742,0.032258,0.000000
FP_FQ_2020_2022_GOLD_H1,LONG,2022,1,RETURN_BPS,85,82,0.964706,-1.952985,-2.098550,-11.848891,9.616800,0.439024,0.000000,0.560976
FP_FQ_2020_2022_GOLD_H1,LONG,2022,3,RETURN_BPS,85,72,0.847059,-9.216248,-5.683438,-25.649940,16.106319,0.430556,0.000000,0.569444
FP_FQ_2020_2022_GOLD_H1,LONG,2022,6,RETURN_BPS,85,47,0.552941,-15.270046,-4.220727,-41.289952,8.646198,0.425532,0.000000,0.574468
FP_FQ_2020_2022_GOLD_H1,LONG,2022,12,RETURN_BPS,85,26,0.305882,-29.028498,-35.076726,-50.526879,8.374226,0.346154,0.000000,0.653846
FP_FQ_2020_2022_GOLD_H1,LONG,2022,12,MFE_BPS,85,26,0.305882,33.206203,30.691366,10.566122,48.876474,0.961538,0.038462,0.000000
FP_FQ_2020_2022_GOLD_H1,LONG,2022,12,MAE_BPS,85,26,0.305882,55.254778,51.449886,35.376353,61.868328,1.000000,0.000000,0.000000
FP_FQ_2020_2022_GOLD_H1,SHORT,2020,1,RETURN_BPS,70,65,0.928571,-0.255798,-4.896575,-13.904904,4.504162,0.384615,0.000000,0.615385
FP_FQ_2020_2022_GOLD_H1,SHORT,2020,3,RETURN_BPS,70,55,0.785714,0.512882,-6.844086,-18.041554,8.710948,0.381818,0.000000,0.618182
FP_FQ_2020_2022_GOLD_H1,SHORT,2020,6,RETURN_BPS,70,41,0.585714,-11.998756,-14.228724,-43.834377,9.511542,0.365854,0.000000,0.634146
FP_FQ_2020_2022_GOLD_H1,SHORT,2020,12,RETURN_BPS,70,24,0.342857,-31.158745,-10.185526,-59.313336,18.356248,0.375000,0.000000,0.625000
FP_FQ_2020_2022_GOLD_H1,SHORT,2020,12,MFE_BPS,70,24,0.342857,58.944751,36.046024,13.497294,58.867828,1.000000,0.000000,0.000000
FP_FQ_2020_2022_GOLD_H1,SHORT,2020,12,MAE_BPS,70,24,0.342857,79.772786,50.445636,28.404863,65.734500,1.000000,0.000000,0.000000
FP_FQ_2020_2022_GOLD_H1,SHORT,2021,1,RETURN_BPS,93,86,0.924731,-2.311503,-2.803724,-10.050281,2.300034,0.395349,0.000000,0.604651
FP_FQ_2020_2022_GOLD_H1,SHORT,2021,3,RETURN_BPS,93,73,0.784946,-11.331587,-8.348988,-27.266568,2.136380,0.301370,0.013699,0.684932
FP_FQ_2020_2022_GOLD_H1,SHORT,2021,6,RETURN_BPS,93,42,0.451613,-7.328552,-7.314230,-32.123133,6.405663,0.452381,0.000000,0.547619
FP_FQ_2020_2022_GOLD_H1,SHORT,2021,12,RETURN_BPS,93,20,0.215054,-10.241573,1.865306,-22.388302,17.783170,0.500000,0.000000,0.500000
FP_FQ_2020_2022_GOLD_H1,SHORT,2021,12,MFE_BPS,93,20,0.215054,31.275241,24.240134,15.431713,40.179969,1.000000,0.000000,0.000000
FP_FQ_2020_2022_GOLD_H1,SHORT,2021,12,MAE_BPS,93,20,0.215054,44.449218,32.120208,24.012396,43.604086,1.000000,0.000000,0.000000
FP_FQ_2020_2022_GOLD_H1,SHORT,2022,1,RETURN_BPS,78,75,0.961538,-2.551178,-2.276362,-13.007314,6.692480,0.413333,0.000000,0.586667
FP_FQ_2020_2022_GOLD_H1,SHORT,2022,3,RETURN_BPS,78,65,0.833333,0.468485,-1.465912,-16.549171,12.432066,0.461538,0.000000,0.538462
FP_FQ_2020_2022_GOLD_H1,SHORT,2022,6,RETURN_BPS,78,46,0.589744,7.847091,1.861227,-15.848908,28.002856,0.543478,0.000000,0.456522
FP_FQ_2020_2022_GOLD_H1,SHORT,2022,12,RETURN_BPS,78,25,0.320513,-1.084996,2.719748,-33.653422,38.208642,0.520000,0.000000,0.480000
FP_FQ_2020_2022_GOLD_H1,SHORT,2022,12,MFE_BPS,78,25,0.320513,43.176314,25.817241,17.848562,58.338915,1.000000,0.000000,0.000000
FP_FQ_2020_2022_GOLD_H1,SHORT,2022,12,MAE_BPS,78,25,0.320513,48.922908,36.011318,16.590009,69.090110,0.960000,0.040000,0.000000
