gap_id,previous_timestamp,next_timestamp,delta_hours,missing_hourly_slot_count,first_missing_timestamp,last_missing_timestamp,previous_weekday,next_weekday,scope,structural_pattern,evidence_status,final_adjudication,notes_code
FCG0001,2026-01-02T23:00:00,2026-01-05T01:00:00,50,49,2026-01-03T00:00:00,2026-01-05T00:00:00,FRIDAY,MONDAY,ANALYSIS_WINDOW_INTERNAL,WEEKEND_PATTERN,NO_EXACT_EFFECTIVE_HISTORICAL_COVERAGE,UNVERIFIED_GAP,CURRENT_HASH_BOUND_SESSION_EVIDENCE_NOT_DATED_HISTORICAL_PROOF
FCG0002,2026-01-05T23:00:00,2026-01-06T01:00:00,2,1,2026-01-06T00:00:00,2026-01-06T00:00:00,MONDAY,TUESDAY,ANALYSIS_WINDOW_INTERNAL,DAILY_BREAK_PATTERN,NO_EXACT_EFFECTIVE_HISTORICAL_COVERAGE,UNVERIFIED_GAP,CURRENT_HASH_BOUND_SESSION_EVIDENCE_NOT_DATED_HISTORICAL_PROOF
FCG0003,2026-01-06T23:00:00,2026-01-07T01:00:00,2,1,2026-01-07T00:00:00,2026-01-07T00:00:00,TUESDAY,WEDNESDAY,ANALYSIS_WINDOW_INTERNAL,DAILY_BREAK_PATTERN,NO_EXACT_EFFECTIVE_HISTORICAL_COVERAGE,UNVERIFIED_GAP,CURRENT_HASH_BOUND_SESSION_EVIDENCE_NOT_DATED_HISTORICAL_PROOF
FCG0004,2026-01-07T23:00:00,2026-01-08T01:00:00,2,1,2026-01-08T00:00:00,2026-01-08T00:00:00,WEDNESDAY,THURSDAY,ANALYSIS_WINDOW_INTERNAL,DAILY_BREAK_PATTERN,NO_EXACT_EFFECTIVE_HISTORICAL_COVERAGE,UNVERIFIED_GAP,CURRENT_HASH_BOUND_SESSION_EVIDENCE_NOT_DATED_HISTORICAL_PROOF
FCG0005,2026-01-08T23:00:00,2026-01-09T01:00:00,2,1,2026-01-09T00:00:00,2026-01-09T00:00:00,THURSDAY,FRIDAY,ANALYSIS_WINDOW_INTERNAL,DAILY_BREAK_PATTERN,NO_EXACT_EFFECTIVE_HISTORICAL_COVERAGE,UNVERIFIED_GAP,CURRENT_HASH_BOUND_SESSION_EVIDENCE_NOT_DATED_HISTORICAL_PROOF
FCG0006,2026-01-09T23:00:00,2026-01-12T01:00:00,50,49,2026-01-10T00:00:00,2026-01-12T00:00:00,FRIDAY,MONDAY,ANALYSIS_WINDOW_INTERNAL,WEEKEND_PATTERN,NO_EXACT_EFFECTIVE_HISTORICAL_COVERAGE,UNVERIFIED_GAP,CURRENT_HASH_BOUND_SESSION_EVIDENCE_NOT_DATED_HISTORICAL_PROOF
FCG0007,2026-01-12T23:00:00,2026-01-13T01:00:00,2,1,2026-01-13T00:00:00,2026-01-13T00:00:00,MONDAY,TUESDAY,ANALYSIS_WINDOW_INTERNAL,DAILY_BREAK_PATTERN,NO_EXACT_EFFECTIVE_HISTORICAL_COVERAGE,UNVERIFIED_GAP,CURRENT_HASH_BOUND_SESSION_EVIDENCE_NOT_DATED_HISTORICAL_PROOF
FCG0008,2026-01-13T23:00:00,2026-01-14T01:00:00,2,1,2026-01-14T00:00:00,2026-01-14T00:00:00,TUESDAY,WEDNESDAY,ANALYSIS_WINDOW_INTERNAL,DAILY_BREAK_PATTERN,NO_EXACT_EFFECTIVE_HISTORICAL_COVERAGE,UNVERIFIED_GAP,CURRENT_HASH_BOUND_SESSION_EVIDENCE_NOT_DATED_HISTORICAL_PROOF
FCG0009,2026-01-14T23:00:00,2026-01-15T01:00:00,2,1,2026-01-15T00:00:00,2026-01-15T00:00:00,WEDNESDAY,THURSDAY,ANALYSIS_WINDOW_INTERNAL,DAILY_BREAK_PATTERN,NO_EXACT_EFFECTIVE_HISTORICAL_COVERAGE,UNVERIFIED_GAP,CURRENT_HASH_BOUND_SESSION_EVIDENCE_NOT_DATED_HISTORICAL_PROOF
FCG0010,2026-01-15T23:00:00,2026-01-16T01:00:00,2,1,2026-01-16T00:00:00,2026-01-16T00:00:00,THURSDAY,FRIDAY,ANALYSIS_WINDOW_INTERNAL,DAILY_BREAK_PATTERN,NO_EXACT_EFFECTIVE_HISTORICAL_COVERAGE,UNVERIFIED_GAP,CURRENT_HASH_BOUND_SESSION_EVIDENCE_NOT_DATED_HISTORICAL_PROOF
FCG0011,2026-01-16T23:00:00,2026-01-19T01:00:00,50,49,2026-01-17T00:00:00,2026-01-19T00:00:00,FRIDAY,MONDAY,ANALYSIS_WINDOW_INTERNAL,WEEKEND_PATTERN,NO_EXACT_EFFECTIVE_HISTORICAL_COVERAGE,UNVERIFIED_GAP,CURRENT_HASH_BOUND_SESSION_EVIDENCE_NOT_DATED_HISTORICAL_PROOF
FCG0012,2026-01-19T21:00:00,2026-01-20T01:00:00,4,3,2026-01-19T22:00:00,2026-01-20T00:00:00,MONDAY,TUESDAY,ANALYSIS_WINDOW_INTERNAL,EARLY_CLOSE_OR_EXTENDED_BREAK_PATTERN,NO_EXACT_EFFECTIVE_HISTORICAL_COVERAGE,UNVERIFIED_GAP,CURRENT_HASH_BOUND_SESSION_EVIDENCE_NOT_DATED_HISTORICAL_PROOF
FCG0013,2026-01-20T23:00:00,2026-01-21T01:00:00,2,1,2026-01-21T00:00:00,2026-01-21T00:00:00,TUESDAY,WEDNESDAY,ANALYSIS_WINDOW_INTERNAL,DAILY_BREAK_PATTERN,NO_EXACT_EFFECTIVE_HISTORICAL_COVERAGE,UNVERIFIED_GAP,CURRENT_HASH_BOUND_SESSION_EVIDENCE_NOT_DATED_HISTORICAL_PROOF
FCG0014,2026-01-21T23:00:00,2026-01-22T01:00:00,2,1,2026-01-22T00:00:00,2026-01-22T00:00:00,WEDNESDAY,THURSDAY,ANALYSIS_WINDOW_INTERNAL,DAILY_BREAK_PATTERN,NO_EXACT_EFFECTIVE_HISTORICAL_COVERAGE,UNVERIFIED_GAP,CURRENT_HASH_BOUND_SESSION_EVIDENCE_NOT_DATED_HISTORICAL_PROOF
FCG0015,2026-01-22T23:00:00,2026-01-23T01:00:00,2,1,2026-01-23T00:00:00,2026-01-23T00:00:00,THURSDAY,FRIDAY,ANALYSIS_WINDOW_INTERNAL,DAILY_BREAK_PATTERN,NO_EXACT_EFFECTIVE_HISTORICAL_COVERAGE,UNVERIFIED_GAP,CURRENT_HASH_BOUND_SESSION_EVIDENCE_NOT_DATED_HISTORICAL_PROOF
FCG0016,2026-01-23T23:00:00,2026-01-26T01:00:00,50,49,2026-01-24T00:00:00,2026-01-26T00:00:00,FRIDAY,MONDAY,ANALYSIS_WINDOW_INTERNAL,WEEKEND_PATTERN,NO_EXACT_EFFECTIVE_HISTORICAL_COVERAGE,UNVERIFIED_GAP,CURRENT_HASH_BOUND_SESSION_EVIDENCE_NOT_DATED_HISTORICAL_PROOF
FCG0017,2026-01-26T23:00:00,2026-01-27T01:00:00,2,1,2026-01-27T00:00:00,2026-01-27T00:00:00,MONDAY,TUESDAY,ANALYSIS_WINDOW_INTERNAL,DAILY_BREAK_PATTERN,NO_EXACT_EFFECTIVE_HISTORICAL_COVERAGE,UNVERIFIED_GAP,CURRENT_HASH_BOUND_SESSION_EVIDENCE_NOT_DATED_HISTORICAL_PROOF
FCG0018,2026-01-27T23:00:00,2026-01-28T01:00:00,2,1,2026-01-28T00:00:00,2026-01-28T00:00:00,TUESDAY,WEDNESDAY,ANALYSIS_WINDOW_INTERNAL,DAILY_BREAK_PATTERN,NO_EXACT_EFFECTIVE_HISTORICAL_COVERAGE,UNVERIFIED_GAP,CURRENT_HASH_BOUND_SESSION_EVIDENCE_NOT_DATED_HISTORICAL_PROOF
FCG0019,2026-01-28T23:00:00,2026-01-29T01:00:00,2,1,2026-01-29T00:00:00,2026-01-29T00:00:00,WEDNESDAY,THURSDAY,ANALYSIS_WINDOW_INTERNAL,DAILY_BREAK_PATTERN,NO_EXACT_EFFECTIVE_HISTORICAL_COVERAGE,UNVERIFIED_GAP,CURRENT_HASH_BOUND_SESSION_EVIDENCE_NOT_DATED_HISTORICAL_PROOF
FCG0020,2026-01-29T23:00:00,2026-01-30T01:00:00,2,1,2026-01-30T00:00:00,2026-01-30T00:00:00,THURSDAY,FRIDAY,ANALYSIS_WINDOW_INTERNAL,DAILY_BREAK_PATTERN,NO_EXACT_EFFECTIVE_HISTORICAL_COVERAGE,UNVERIFIED_GAP,CURRENT_HASH_BOUND_SESSION_EVIDENCE_NOT_DATED_HISTORICAL_PROOF
FCG0021,2026-01-30T23:00:00,2026-02-02T01:00:00,50,49,2026-01-31T00:00:00,2026-02-02T00:00:00,FRIDAY,MONDAY,ANALYSIS_WINDOW_INTERNAL,WEEKEND_PATTERN,NO_EXACT_EFFECTIVE_HISTORICAL_COVERAGE,UNVERIFIED_GAP,CURRENT_HASH_BOUND_SESSION_EVIDENCE_NOT_DATED_HISTORICAL_PROOF
FCG0022,2026-02-02T23:00:00,2026-02-03T01:00:00,2,1,2026-02-03T00:00:00,2026-02-03T00:00:00,MONDAY,TUESDAY,ANALYSIS_WINDOW_INTERNAL,DAILY_BREAK_PATTERN,NO_EXACT_EFFECTIVE_HISTORICAL_COVERAGE,UNVERIFIED_GAP,CURRENT_HASH_BOUND_SESSION_EVIDENCE_NOT_DATED_HISTORICAL_PROOF
FCG0023,2026-02-03T23:00:00,2026-02-04T01:00:00,2,1,2026-02-04T00:00:00,2026-02-04T00:00:00,TUESDAY,WEDNESDAY,ANALYSIS_WINDOW_INTERNAL,DAILY_BREAK_PATTERN,NO_EXACT_EFFECTIVE_HISTORICAL_COVERAGE,UNVERIFIED_GAP,CURRENT_HASH_BOUND_SESSION_EVIDENCE_NOT_DATED_HISTORICAL_PROOF
FCG0024,2026-02-04T23:00:00,2026-02-05T01:00:00,2,1,2026-02-05T00:00:00,2026-02-05T00:00:00,WEDNESDAY,THURSDAY,ANALYSIS_WINDOW_INTERNAL,DAILY_BREAK_PATTERN,NO_EXACT_EFFECTIVE_HISTORICAL_COVERAGE,UNVERIFIED_GAP,CURRENT_HASH_BOUND_SESSION_EVIDENCE_NOT_DATED_HISTORICAL_PROOF
FCG0025,2026-02-05T23:00:00,2026-02-06T01:00:00,2,1,2026-02-06T00:00:00,2026-02-06T00:00:00,THURSDAY,FRIDAY,ANALYSIS_WINDOW_INTERNAL,DAILY_BREAK_PATTERN,NO_EXACT_EFFECTIVE_HISTORICAL_COVERAGE,UNVERIFIED_GAP,CURRENT_HASH_BOUND_SESSION_EVIDENCE_NOT_DATED_HISTORICAL_PROOF
FCG0026,2026-02-06T23:00:00,2026-02-09T01:00:00,50,49,2026-02-07T00:00:00,2026-02-09T00:00:00,FRIDAY,MONDAY,ANALYSIS_WINDOW_INTERNAL,WEEKEND_PATTERN,NO_EXACT_EFFECTIVE_HISTORICAL_COVERAGE,UNVERIFIED_GAP,CURRENT_HASH_BOUND_SESSION_EVIDENCE_NOT_DATED_HISTORICAL_PROOF
FCG0027,2026-02-09T23:00:00,2026-02-10T01:00:00,2,1,2026-02-10T00:00:00,2026-02-10T00:00:00,MONDAY,TUESDAY,ANALYSIS_WINDOW_INTERNAL,DAILY_BREAK_PATTERN,NO_EXACT_EFFECTIVE_HISTORICAL_COVERAGE,UNVERIFIED_GAP,CURRENT_HASH_BOUND_SESSION_EVIDENCE_NOT_DATED_HISTORICAL_PROOF
FCG0028,2026-02-10T23:00:00,2026-02-11T01:00:00,2,1,2026-02-11T00:00:00,2026-02-11T00:00:00,TUESDAY,WEDNESDAY,ANALYSIS_WINDOW_INTERNAL,DAILY_BREAK_PATTERN,NO_EXACT_EFFECTIVE_HISTORICAL_COVERAGE,UNVERIFIED_GAP,CURRENT_HASH_BOUND_SESSION_EVIDENCE_NOT_DATED_HISTORICAL_PROOF
FCG0029,2026-02-11T23:00:00,2026-02-12T01:00:00,2,1,2026-02-12T00:00:00,2026-02-12T00:00:00,WEDNESDAY,THURSDAY,ANALYSIS_WINDOW_INTERNAL,DAILY_BREAK_PATTERN,NO_EXACT_EFFECTIVE_HISTORICAL_COVERAGE,UNVERIFIED_GAP,CURRENT_HASH_BOUND_SESSION_EVIDENCE_NOT_DATED_HISTORICAL_PROOF
FCG0030,2026-02-12T23:00:00,2026-02-13T01:00:00,2,1,2026-02-13T00:00:00,2026-02-13T00:00:00,THURSDAY,FRIDAY,ANALYSIS_WINDOW_INTERNAL,DAILY_BREAK_PATTERN,NO_EXACT_EFFECTIVE_HISTORICAL_COVERAGE,UNVERIFIED_GAP,CURRENT_HASH_BOUND_SESSION_EVIDENCE_NOT_DATED_HISTORICAL_PROOF
FCG0031,2026-02-13T23:00:00,2026-02-16T01:00:00,50,49,2026-02-14T00:00:00,2026-02-16T00:00:00,FRIDAY,MONDAY,ANALYSIS_WINDOW_INTERNAL,WEEKEND_PATTERN,NO_EXACT_EFFECTIVE_HISTORICAL_COVERAGE,UNVERIFIED_GAP,CURRENT_HASH_BOUND_SESSION_EVIDENCE_NOT_DATED_HISTORICAL_PROOF
FCG0032,2026-02-16T21:00:00,2026-02-17T01:00:00,4,3,2026-02-16T22:00:00,2026-02-17T00:00:00,MONDAY,TUESDAY,ANALYSIS_WINDOW_INTERNAL,EARLY_CLOSE_OR_EXTENDED_BREAK_PATTERN,NO_EXACT_EFFECTIVE_HISTORICAL_COVERAGE,UNVERIFIED_GAP,CURRENT_HASH_BOUND_SESSION_EVIDENCE_NOT_DATED_HISTORICAL_PROOF
FCG0033,2026-02-17T23:00:00,2026-02-18T01:00:00,2,1,2026-02-18T00:00:00,2026-02-18T00:00:00,TUESDAY,WEDNESDAY,ANALYSIS_WINDOW_INTERNAL,DAILY_BREAK_PATTERN,NO_EXACT_EFFECTIVE_HISTORICAL_COVERAGE,UNVERIFIED_GAP,CURRENT_HASH_BOUND_SESSION_EVIDENCE_NOT_DATED_HISTORICAL_PROOF
FCG0034,2026-02-18T23:00:00,2026-02-19T01:00:00,2,1,2026-02-19T00:00:00,2026-02-19T00:00:00,WEDNESDAY,THURSDAY,ANALYSIS_WINDOW_INTERNAL,DAILY_BREAK_PATTERN,NO_EXACT_EFFECTIVE_HISTORICAL_COVERAGE,UNVERIFIED_GAP,CURRENT_HASH_BOUND_SESSION_EVIDENCE_NOT_DATED_HISTORICAL_PROOF
FCG0035,2026-02-19T23:00:00,2026-02-20T01:00:00,2,1,2026-02-20T00:00:00,2026-02-20T00:00:00,THURSDAY,FRIDAY,ANALYSIS_WINDOW_INTERNAL,DAILY_BREAK_PATTERN,NO_EXACT_EFFECTIVE_HISTORICAL_COVERAGE,UNVERIFIED_GAP,CURRENT_HASH_BOUND_SESSION_EVIDENCE_NOT_DATED_HISTORICAL_PROOF
FCG0036,2026-02-20T23:00:00,2026-02-23T01:00:00,50,49,2026-02-21T00:00:00,2026-02-23T00:00:00,FRIDAY,MONDAY,ANALYSIS_WINDOW_INTERNAL,WEEKEND_PATTERN,NO_EXACT_EFFECTIVE_HISTORICAL_COVERAGE,UNVERIFIED_GAP,CURRENT_HASH_BOUND_SESSION_EVIDENCE_NOT_DATED_HISTORICAL_PROOF
FCG0037,2026-02-23T23:00:00,2026-02-24T01:00:00,2,1,2026-02-24T00:00:00,2026-02-24T00:00:00,MONDAY,TUESDAY,ANALYSIS_WINDOW_INTERNAL,DAILY_BREAK_PATTERN,NO_EXACT_EFFECTIVE_HISTORICAL_COVERAGE,UNVERIFIED_GAP,CURRENT_HASH_BOUND_SESSION_EVIDENCE_NOT_DATED_HISTORICAL_PROOF
FCG0038,2026-02-24T23:00:00,2026-02-25T01:00:00,2,1,2026-02-25T00:00:00,2026-02-25T00:00:00,TUESDAY,WEDNESDAY,ANALYSIS_WINDOW_INTERNAL,DAILY_BREAK_PATTERN,NO_EXACT_EFFECTIVE_HISTORICAL_COVERAGE,UNVERIFIED_GAP,CURRENT_HASH_BOUND_SESSION_EVIDENCE_NOT_DATED_HISTORICAL_PROOF
FCG0039,2026-02-25T23:00:00,2026-02-26T01:00:00,2,1,2026-02-26T00:00:00,2026-02-26T00:00:00,WEDNESDAY,THURSDAY,ANALYSIS_WINDOW_INTERNAL,DAILY_BREAK_PATTERN,NO_EXACT_EFFECTIVE_HISTORICAL_COVERAGE,UNVERIFIED_GAP,CURRENT_HASH_BOUND_SESSION_EVIDENCE_NOT_DATED_HISTORICAL_PROOF
FCG0040,2026-02-26T23:00:00,2026-02-27T01:00:00,2,1,2026-02-27T00:00:00,2026-02-27T00:00:00,THURSDAY,FRIDAY,ANALYSIS_WINDOW_INTERNAL,DAILY_BREAK_PATTERN,NO_EXACT_EFFECTIVE_HISTORICAL_COVERAGE,UNVERIFIED_GAP,CURRENT_HASH_BOUND_SESSION_EVIDENCE_NOT_DATED_HISTORICAL_PROOF
FCG0041,2026-02-27T23:00:00,2026-03-02T01:00:00,50,49,2026-02-28T00:00:00,2026-03-02T00:00:00,FRIDAY,MONDAY,ANALYSIS_WINDOW_INTERNAL,WEEKEND_PATTERN,NO_EXACT_EFFECTIVE_HISTORICAL_COVERAGE,UNVERIFIED_GAP,CURRENT_HASH_BOUND_SESSION_EVIDENCE_NOT_DATED_HISTORICAL_PROOF
FCG0042,2026-03-02T23:00:00,2026-03-03T01:00:00,2,1,2026-03-03T00:00:00,2026-03-03T00:00:00,MONDAY,TUESDAY,ANALYSIS_WINDOW_INTERNAL,DAILY_BREAK_PATTERN,NO_EXACT_EFFECTIVE_HISTORICAL_COVERAGE,UNVERIFIED_GAP,CURRENT_HASH_BOUND_SESSION_EVIDENCE_NOT_DATED_HISTORICAL_PROOF
FCG0043,2026-03-03T23:00:00,2026-03-04T01:00:00,2,1,2026-03-04T00:00:00,2026-03-04T00:00:00,TUESDAY,WEDNESDAY,ANALYSIS_WINDOW_INTERNAL,DAILY_BREAK_PATTERN,NO_EXACT_EFFECTIVE_HISTORICAL_COVERAGE,UNVERIFIED_GAP,CURRENT_HASH_BOUND_SESSION_EVIDENCE_NOT_DATED_HISTORICAL_PROOF
FCG0044,2026-03-04T23:00:00,2026-03-05T01:00:00,2,1,2026-03-05T00:00:00,2026-03-05T00:00:00,WEDNESDAY,THURSDAY,ANALYSIS_WINDOW_INTERNAL,DAILY_BREAK_PATTERN,NO_EXACT_EFFECTIVE_HISTORICAL_COVERAGE,UNVERIFIED_GAP,CURRENT_HASH_BOUND_SESSION_EVIDENCE_NOT_DATED_HISTORICAL_PROOF
FCG0045,2026-03-05T23:00:00,2026-03-06T01:00:00,2,1,2026-03-06T00:00:00,2026-03-06T00:00:00,THURSDAY,FRIDAY,ANALYSIS_WINDOW_INTERNAL,DAILY_BREAK_PATTERN,NO_EXACT_EFFECTIVE_HISTORICAL_COVERAGE,UNVERIFIED_GAP,CURRENT_HASH_BOUND_SESSION_EVIDENCE_NOT_DATED_HISTORICAL_PROOF
FCG0046,2026-03-06T23:00:00,2026-03-09T00:00:00,49,48,2026-03-07T00:00:00,2026-03-08T23:00:00,FRIDAY,MONDAY,ANALYSIS_WINDOW_INTERNAL,WEEKEND_PATTERN,NO_EXACT_EFFECTIVE_HISTORICAL_COVERAGE,UNVERIFIED_GAP,CURRENT_HASH_BOUND_SESSION_EVIDENCE_NOT_DATED_HISTORICAL_PROOF
FCG0047,2026-03-09T22:00:00,2026-03-10T00:00:00,2,1,2026-03-09T23:00:00,2026-03-09T23:00:00,MONDAY,TUESDAY,ANALYSIS_WINDOW_INTERNAL,DAILY_BREAK_PATTERN,NO_EXACT_EFFECTIVE_HISTORICAL_COVERAGE,UNVERIFIED_GAP,CURRENT_HASH_BOUND_SESSION_EVIDENCE_NOT_DATED_HISTORICAL_PROOF
FCG0048,2026-03-10T22:00:00,2026-03-11T00:00:00,2,1,2026-03-10T23:00:00,2026-03-10T23:00:00,TUESDAY,WEDNESDAY,ANALYSIS_WINDOW_INTERNAL,DAILY_BREAK_PATTERN,NO_EXACT_EFFECTIVE_HISTORICAL_COVERAGE,UNVERIFIED_GAP,CURRENT_HASH_BOUND_SESSION_EVIDENCE_NOT_DATED_HISTORICAL_PROOF
FCG0049,2026-03-11T22:00:00,2026-03-12T00:00:00,2,1,2026-03-11T23:00:00,2026-03-11T23:00:00,WEDNESDAY,THURSDAY,ANALYSIS_WINDOW_INTERNAL,DAILY_BREAK_PATTERN,NO_EXACT_EFFECTIVE_HISTORICAL_COVERAGE,UNVERIFIED_GAP,CURRENT_HASH_BOUND_SESSION_EVIDENCE_NOT_DATED_HISTORICAL_PROOF
FCG0050,2026-03-12T22:00:00,2026-03-13T00:00:00,2,1,2026-03-12T23:00:00,2026-03-12T23:00:00,THURSDAY,FRIDAY,ANALYSIS_WINDOW_INTERNAL,DAILY_BREAK_PATTERN,NO_EXACT_EFFECTIVE_HISTORICAL_COVERAGE,UNVERIFIED_GAP,CURRENT_HASH_BOUND_SESSION_EVIDENCE_NOT_DATED_HISTORICAL_PROOF
FCG0051,2026-03-13T22:00:00,2026-03-16T00:00:00,50,49,2026-03-13T23:00:00,2026-03-15T23:00:00,FRIDAY,MONDAY,ANALYSIS_WINDOW_INTERNAL,WEEKEND_PATTERN,NO_EXACT_EFFECTIVE_HISTORICAL_COVERAGE,UNVERIFIED_GAP,CURRENT_HASH_BOUND_SESSION_EVIDENCE_NOT_DATED_HISTORICAL_PROOF
FCG0052,2026-03-16T22:00:00,2026-03-17T00:00:00,2,1,2026-03-16T23:00:00,2026-03-16T23:00:00,MONDAY,TUESDAY,ANALYSIS_WINDOW_INTERNAL,DAILY_BREAK_PATTERN,NO_EXACT_EFFECTIVE_HISTORICAL_COVERAGE,UNVERIFIED_GAP,CURRENT_HASH_BOUND_SESSION_EVIDENCE_NOT_DATED_HISTORICAL_PROOF
FCG0053,2026-03-17T22:00:00,2026-03-18T00:00:00,2,1,2026-03-17T23:00:00,2026-03-17T23:00:00,TUESDAY,WEDNESDAY,ANALYSIS_WINDOW_INTERNAL,DAILY_BREAK_PATTERN,NO_EXACT_EFFECTIVE_HISTORICAL_COVERAGE,UNVERIFIED_GAP,CURRENT_HASH_BOUND_SESSION_EVIDENCE_NOT_DATED_HISTORICAL_PROOF
FCG0054,2026-03-18T22:00:00,2026-03-19T00:00:00,2,1,2026-03-18T23:00:00,2026-03-18T23:00:00,WEDNESDAY,THURSDAY,ANALYSIS_WINDOW_INTERNAL,DAILY_BREAK_PATTERN,NO_EXACT_EFFECTIVE_HISTORICAL_COVERAGE,UNVERIFIED_GAP,CURRENT_HASH_BOUND_SESSION_EVIDENCE_NOT_DATED_HISTORICAL_PROOF
FCG0055,2026-03-19T22:00:00,2026-03-20T00:00:00,2,1,2026-03-19T23:00:00,2026-03-19T23:00:00,THURSDAY,FRIDAY,ANALYSIS_WINDOW_INTERNAL,DAILY_BREAK_PATTERN,NO_EXACT_EFFECTIVE_HISTORICAL_COVERAGE,UNVERIFIED_GAP,CURRENT_HASH_BOUND_SESSION_EVIDENCE_NOT_DATED_HISTORICAL_PROOF
FCG0056,2026-03-20T22:00:00,2026-03-23T00:00:00,50,49,2026-03-20T23:00:00,2026-03-22T23:00:00,FRIDAY,MONDAY,ANALYSIS_WINDOW_INTERNAL,WEEKEND_PATTERN,NO_EXACT_EFFECTIVE_HISTORICAL_COVERAGE,UNVERIFIED_GAP,CURRENT_HASH_BOUND_SESSION_EVIDENCE_NOT_DATED_HISTORICAL_PROOF
FCG0057,2026-03-23T22:00:00,2026-03-24T00:00:00,2,1,2026-03-23T23:00:00,2026-03-23T23:00:00,MONDAY,TUESDAY,ANALYSIS_WINDOW_INTERNAL,DAILY_BREAK_PATTERN,NO_EXACT_EFFECTIVE_HISTORICAL_COVERAGE,UNVERIFIED_GAP,CURRENT_HASH_BOUND_SESSION_EVIDENCE_NOT_DATED_HISTORICAL_PROOF
FCG0058,2026-03-24T22:00:00,2026-03-25T00:00:00,2,1,2026-03-24T23:00:00,2026-03-24T23:00:00,TUESDAY,WEDNESDAY,ANALYSIS_WINDOW_INTERNAL,DAILY_BREAK_PATTERN,NO_EXACT_EFFECTIVE_HISTORICAL_COVERAGE,UNVERIFIED_GAP,CURRENT_HASH_BOUND_SESSION_EVIDENCE_NOT_DATED_HISTORICAL_PROOF
FCG0059,2026-03-25T22:00:00,2026-03-26T00:00:00,2,1,2026-03-25T23:00:00,2026-03-25T23:00:00,WEDNESDAY,THURSDAY,ANALYSIS_WINDOW_INTERNAL,DAILY_BREAK_PATTERN,NO_EXACT_EFFECTIVE_HISTORICAL_COVERAGE,UNVERIFIED_GAP,CURRENT_HASH_BOUND_SESSION_EVIDENCE_NOT_DATED_HISTORICAL_PROOF
FCG0060,2026-03-26T22:00:00,2026-03-27T00:00:00,2,1,2026-03-26T23:00:00,2026-03-26T23:00:00,THURSDAY,FRIDAY,ANALYSIS_WINDOW_INTERNAL,DAILY_BREAK_PATTERN,NO_EXACT_EFFECTIVE_HISTORICAL_COVERAGE,UNVERIFIED_GAP,CURRENT_HASH_BOUND_SESSION_EVIDENCE_NOT_DATED_HISTORICAL_PROOF
FCG0061,2026-03-27T22:00:00,2026-03-30T01:00:00,51,50,2026-03-27T23:00:00,2026-03-30T00:00:00,FRIDAY,MONDAY,ANALYSIS_WINDOW_INTERNAL,WEEKEND_PATTERN,NO_EXACT_EFFECTIVE_HISTORICAL_COVERAGE,UNVERIFIED_GAP,CURRENT_HASH_BOUND_SESSION_EVIDENCE_NOT_DATED_HISTORICAL_PROOF
FCG0062,2026-03-30T23:00:00,2026-03-31T01:00:00,2,1,2026-03-31T00:00:00,2026-03-31T00:00:00,MONDAY,TUESDAY,ANALYSIS_WINDOW_INTERNAL,DAILY_BREAK_PATTERN,NO_EXACT_EFFECTIVE_HISTORICAL_COVERAGE,UNVERIFIED_GAP,CURRENT_HASH_BOUND_SESSION_EVIDENCE_NOT_DATED_HISTORICAL_PROOF
FCG0063,2026-03-31T23:00:00,2026-04-01T01:00:00,2,1,2026-04-01T00:00:00,2026-04-01T00:00:00,TUESDAY,WEDNESDAY,ANALYSIS_WINDOW_INTERNAL,DAILY_BREAK_PATTERN,NO_EXACT_EFFECTIVE_HISTORICAL_COVERAGE,UNVERIFIED_GAP,CURRENT_HASH_BOUND_SESSION_EVIDENCE_NOT_DATED_HISTORICAL_PROOF
FCG0064,2026-04-01T23:00:00,2026-04-02T01:00:00,2,1,2026-04-02T00:00:00,2026-04-02T00:00:00,WEDNESDAY,THURSDAY,ANALYSIS_WINDOW_INTERNAL,DAILY_BREAK_PATTERN,NO_EXACT_EFFECTIVE_HISTORICAL_COVERAGE,UNVERIFIED_GAP,CURRENT_HASH_BOUND_SESSION_EVIDENCE_NOT_DATED_HISTORICAL_PROOF
FCG0065,2026-04-02T23:00:00,2026-04-06T01:00:00,74,73,2026-04-03T00:00:00,2026-04-06T00:00:00,THURSDAY,MONDAY,ANALYSIS_WINDOW_INTERNAL,EXTENDED_WEEKEND_OR_HOLIDAY_PATTERN,NO_EXACT_EFFECTIVE_HISTORICAL_COVERAGE,UNVERIFIED_GAP,CURRENT_HASH_BOUND_SESSION_EVIDENCE_NOT_DATED_HISTORICAL_PROOF
FCG0066,2026-04-06T23:00:00,2026-04-07T01:00:00,2,1,2026-04-07T00:00:00,2026-04-07T00:00:00,MONDAY,TUESDAY,ANALYSIS_WINDOW_INTERNAL,DAILY_BREAK_PATTERN,NO_EXACT_EFFECTIVE_HISTORICAL_COVERAGE,UNVERIFIED_GAP,CURRENT_HASH_BOUND_SESSION_EVIDENCE_NOT_DATED_HISTORICAL_PROOF
FCG0067,2026-04-07T23:00:00,2026-04-08T01:00:00,2,1,2026-04-08T00:00:00,2026-04-08T00:00:00,TUESDAY,WEDNESDAY,ANALYSIS_WINDOW_INTERNAL,DAILY_BREAK_PATTERN,NO_EXACT_EFFECTIVE_HISTORICAL_COVERAGE,UNVERIFIED_GAP,CURRENT_HASH_BOUND_SESSION_EVIDENCE_NOT_DATED_HISTORICAL_PROOF
FCG0068,2026-04-08T23:00:00,2026-04-09T01:00:00,2,1,2026-04-09T00:00:00,2026-04-09T00:00:00,WEDNESDAY,THURSDAY,ANALYSIS_WINDOW_INTERNAL,DAILY_BREAK_PATTERN,NO_EXACT_EFFECTIVE_HISTORICAL_COVERAGE,UNVERIFIED_GAP,CURRENT_HASH_BOUND_SESSION_EVIDENCE_NOT_DATED_HISTORICAL_PROOF
FCG0069,2026-04-09T23:00:00,2026-04-10T01:00:00,2,1,2026-04-10T00:00:00,2026-04-10T00:00:00,THURSDAY,FRIDAY,ANALYSIS_WINDOW_INTERNAL,DAILY_BREAK_PATTERN,NO_EXACT_EFFECTIVE_HISTORICAL_COVERAGE,UNVERIFIED_GAP,CURRENT_HASH_BOUND_SESSION_EVIDENCE_NOT_DATED_HISTORICAL_PROOF
FCG0070,2026-04-10T23:00:00,2026-04-13T01:00:00,50,49,2026-04-11T00:00:00,2026-04-13T00:00:00,FRIDAY,MONDAY,ANALYSIS_WINDOW_INTERNAL,WEEKEND_PATTERN,NO_EXACT_EFFECTIVE_HISTORICAL_COVERAGE,UNVERIFIED_GAP,CURRENT_HASH_BOUND_SESSION_EVIDENCE_NOT_DATED_HISTORICAL_PROOF
FCG0071,2026-04-13T23:00:00,2026-04-14T01:00:00,2,1,2026-04-14T00:00:00,2026-04-14T00:00:00,MONDAY,TUESDAY,ANALYSIS_WINDOW_INTERNAL,DAILY_BREAK_PATTERN,NO_EXACT_EFFECTIVE_HISTORICAL_COVERAGE,UNVERIFIED_GAP,CURRENT_HASH_BOUND_SESSION_EVIDENCE_NOT_DATED_HISTORICAL_PROOF
FCG0072,2026-04-14T23:00:00,2026-04-15T01:00:00,2,1,2026-04-15T00:00:00,2026-04-15T00:00:00,TUESDAY,WEDNESDAY,ANALYSIS_WINDOW_INTERNAL,DAILY_BREAK_PATTERN,NO_EXACT_EFFECTIVE_HISTORICAL_COVERAGE,UNVERIFIED_GAP,CURRENT_HASH_BOUND_SESSION_EVIDENCE_NOT_DATED_HISTORICAL_PROOF
FCG0073,2026-04-15T23:00:00,2026-04-16T01:00:00,2,1,2026-04-16T00:00:00,2026-04-16T00:00:00,WEDNESDAY,THURSDAY,ANALYSIS_WINDOW_INTERNAL,DAILY_BREAK_PATTERN,NO_EXACT_EFFECTIVE_HISTORICAL_COVERAGE,UNVERIFIED_GAP,CURRENT_HASH_BOUND_SESSION_EVIDENCE_NOT_DATED_HISTORICAL_PROOF
FCG0074,2026-04-16T23:00:00,2026-04-17T01:00:00,2,1,2026-04-17T00:00:00,2026-04-17T00:00:00,THURSDAY,FRIDAY,ANALYSIS_WINDOW_INTERNAL,DAILY_BREAK_PATTERN,NO_EXACT_EFFECTIVE_HISTORICAL_COVERAGE,UNVERIFIED_GAP,CURRENT_HASH_BOUND_SESSION_EVIDENCE_NOT_DATED_HISTORICAL_PROOF
FCG0075,2026-04-17T23:00:00,2026-04-20T01:00:00,50,49,2026-04-18T00:00:00,2026-04-20T00:00:00,FRIDAY,MONDAY,ANALYSIS_WINDOW_INTERNAL,WEEKEND_PATTERN,NO_EXACT_EFFECTIVE_HISTORICAL_COVERAGE,UNVERIFIED_GAP,CURRENT_HASH_BOUND_SESSION_EVIDENCE_NOT_DATED_HISTORICAL_PROOF
FCG0076,2026-04-20T23:00:00,2026-04-21T01:00:00,2,1,2026-04-21T00:00:00,2026-04-21T00:00:00,MONDAY,TUESDAY,ANALYSIS_WINDOW_INTERNAL,DAILY_BREAK_PATTERN,NO_EXACT_EFFECTIVE_HISTORICAL_COVERAGE,UNVERIFIED_GAP,CURRENT_HASH_BOUND_SESSION_EVIDENCE_NOT_DATED_HISTORICAL_PROOF
FCG0077,2026-04-21T23:00:00,2026-04-22T01:00:00,2,1,2026-04-22T00:00:00,2026-04-22T00:00:00,TUESDAY,WEDNESDAY,ANALYSIS_WINDOW_INTERNAL,DAILY_BREAK_PATTERN,NO_EXACT_EFFECTIVE_HISTORICAL_COVERAGE,UNVERIFIED_GAP,CURRENT_HASH_BOUND_SESSION_EVIDENCE_NOT_DATED_HISTORICAL_PROOF
FCG0078,2026-04-22T23:00:00,2026-04-23T01:00:00,2,1,2026-04-23T00:00:00,2026-04-23T00:00:00,WEDNESDAY,THURSDAY,ANALYSIS_WINDOW_INTERNAL,DAILY_BREAK_PATTERN,NO_EXACT_EFFECTIVE_HISTORICAL_COVERAGE,UNVERIFIED_GAP,CURRENT_HASH_BOUND_SESSION_EVIDENCE_NOT_DATED_HISTORICAL_PROOF
FCG0079,2026-04-23T23:00:00,2026-04-24T01:00:00,2,1,2026-04-24T00:00:00,2026-04-24T00:00:00,THURSDAY,FRIDAY,ANALYSIS_WINDOW_INTERNAL,DAILY_BREAK_PATTERN,NO_EXACT_EFFECTIVE_HISTORICAL_COVERAGE,UNVERIFIED_GAP,CURRENT_HASH_BOUND_SESSION_EVIDENCE_NOT_DATED_HISTORICAL_PROOF
FCG0080,2026-04-24T23:00:00,2026-04-27T01:00:00,50,49,2026-04-25T00:00:00,2026-04-27T00:00:00,FRIDAY,MONDAY,ANALYSIS_WINDOW_INTERNAL,WEEKEND_PATTERN,NO_EXACT_EFFECTIVE_HISTORICAL_COVERAGE,UNVERIFIED_GAP,CURRENT_HASH_BOUND_SESSION_EVIDENCE_NOT_DATED_HISTORICAL_PROOF
FCG0081,2026-04-27T23:00:00,2026-04-28T01:00:00,2,1,2026-04-28T00:00:00,2026-04-28T00:00:00,MONDAY,TUESDAY,ANALYSIS_WINDOW_INTERNAL,DAILY_BREAK_PATTERN,NO_EXACT_EFFECTIVE_HISTORICAL_COVERAGE,UNVERIFIED_GAP,CURRENT_HASH_BOUND_SESSION_EVIDENCE_NOT_DATED_HISTORICAL_PROOF
FCG0082,2026-04-28T23:00:00,2026-04-29T01:00:00,2,1,2026-04-29T00:00:00,2026-04-29T00:00:00,TUESDAY,WEDNESDAY,ANALYSIS_WINDOW_INTERNAL,DAILY_BREAK_PATTERN,NO_EXACT_EFFECTIVE_HISTORICAL_COVERAGE,UNVERIFIED_GAP,CURRENT_HASH_BOUND_SESSION_EVIDENCE_NOT_DATED_HISTORICAL_PROOF
FCG0083,2026-04-29T23:00:00,2026-04-30T01:00:00,2,1,2026-04-30T00:00:00,2026-04-30T00:00:00,WEDNESDAY,THURSDAY,ANALYSIS_WINDOW_INTERNAL,DAILY_BREAK_PATTERN,NO_EXACT_EFFECTIVE_HISTORICAL_COVERAGE,UNVERIFIED_GAP,CURRENT_HASH_BOUND_SESSION_EVIDENCE_NOT_DATED_HISTORICAL_PROOF
FCG0084,2026-04-30T23:00:00,2026-05-01T01:00:00,2,1,2026-05-01T00:00:00,2026-05-01T00:00:00,THURSDAY,FRIDAY,ANALYSIS_WINDOW_INTERNAL,DAILY_BREAK_PATTERN,NO_EXACT_EFFECTIVE_HISTORICAL_COVERAGE,UNVERIFIED_GAP,CURRENT_HASH_BOUND_SESSION_EVIDENCE_NOT_DATED_HISTORICAL_PROOF
FCG0085,2026-05-01T23:00:00,2026-05-04T01:00:00,50,49,2026-05-02T00:00:00,2026-05-04T00:00:00,FRIDAY,MONDAY,ANALYSIS_WINDOW_INTERNAL,WEEKEND_PATTERN,NO_EXACT_EFFECTIVE_HISTORICAL_COVERAGE,UNVERIFIED_GAP,CURRENT_HASH_BOUND_SESSION_EVIDENCE_NOT_DATED_HISTORICAL_PROOF
FCG0086,2026-05-04T23:00:00,2026-05-05T01:00:00,2,1,2026-05-05T00:00:00,2026-05-05T00:00:00,MONDAY,TUESDAY,ANALYSIS_WINDOW_INTERNAL,DAILY_BREAK_PATTERN,NO_EXACT_EFFECTIVE_HISTORICAL_COVERAGE,UNVERIFIED_GAP,CURRENT_HASH_BOUND_SESSION_EVIDENCE_NOT_DATED_HISTORICAL_PROOF
FCG0087,2026-05-05T23:00:00,2026-05-06T01:00:00,2,1,2026-05-06T00:00:00,2026-05-06T00:00:00,TUESDAY,WEDNESDAY,ANALYSIS_WINDOW_INTERNAL,DAILY_BREAK_PATTERN,NO_EXACT_EFFECTIVE_HISTORICAL_COVERAGE,UNVERIFIED_GAP,CURRENT_HASH_BOUND_SESSION_EVIDENCE_NOT_DATED_HISTORICAL_PROOF
FCG0088,2026-05-06T23:00:00,2026-05-07T01:00:00,2,1,2026-05-07T00:00:00,2026-05-07T00:00:00,WEDNESDAY,THURSDAY,ANALYSIS_WINDOW_INTERNAL,DAILY_BREAK_PATTERN,NO_EXACT_EFFECTIVE_HISTORICAL_COVERAGE,UNVERIFIED_GAP,CURRENT_HASH_BOUND_SESSION_EVIDENCE_NOT_DATED_HISTORICAL_PROOF
FCG0089,2026-05-07T23:00:00,2026-05-08T01:00:00,2,1,2026-05-08T00:00:00,2026-05-08T00:00:00,THURSDAY,FRIDAY,ANALYSIS_WINDOW_INTERNAL,DAILY_BREAK_PATTERN,NO_EXACT_EFFECTIVE_HISTORICAL_COVERAGE,UNVERIFIED_GAP,CURRENT_HASH_BOUND_SESSION_EVIDENCE_NOT_DATED_HISTORICAL_PROOF
FCG0090,2026-05-08T23:00:00,2026-05-11T01:00:00,50,49,2026-05-09T00:00:00,2026-05-11T00:00:00,FRIDAY,MONDAY,ANALYSIS_WINDOW_INTERNAL,WEEKEND_PATTERN,NO_EXACT_EFFECTIVE_HISTORICAL_COVERAGE,UNVERIFIED_GAP,CURRENT_HASH_BOUND_SESSION_EVIDENCE_NOT_DATED_HISTORICAL_PROOF
FCG0091,2026-05-11T23:00:00,2026-05-12T01:00:00,2,1,2026-05-12T00:00:00,2026-05-12T00:00:00,MONDAY,TUESDAY,ANALYSIS_WINDOW_INTERNAL,DAILY_BREAK_PATTERN,NO_EXACT_EFFECTIVE_HISTORICAL_COVERAGE,UNVERIFIED_GAP,CURRENT_HASH_BOUND_SESSION_EVIDENCE_NOT_DATED_HISTORICAL_PROOF
FCG0092,2026-05-12T23:00:00,2026-05-13T01:00:00,2,1,2026-05-13T00:00:00,2026-05-13T00:00:00,TUESDAY,WEDNESDAY,ANALYSIS_WINDOW_INTERNAL,DAILY_BREAK_PATTERN,NO_EXACT_EFFECTIVE_HISTORICAL_COVERAGE,UNVERIFIED_GAP,CURRENT_HASH_BOUND_SESSION_EVIDENCE_NOT_DATED_HISTORICAL_PROOF
FCG0093,2026-05-13T23:00:00,2026-05-14T01:00:00,2,1,2026-05-14T00:00:00,2026-05-14T00:00:00,WEDNESDAY,THURSDAY,ANALYSIS_WINDOW_INTERNAL,DAILY_BREAK_PATTERN,NO_EXACT_EFFECTIVE_HISTORICAL_COVERAGE,UNVERIFIED_GAP,CURRENT_HASH_BOUND_SESSION_EVIDENCE_NOT_DATED_HISTORICAL_PROOF
FCG0094,2026-05-14T23:00:00,2026-05-15T01:00:00,2,1,2026-05-15T00:00:00,2026-05-15T00:00:00,THURSDAY,FRIDAY,ANALYSIS_WINDOW_INTERNAL,DAILY_BREAK_PATTERN,NO_EXACT_EFFECTIVE_HISTORICAL_COVERAGE,UNVERIFIED_GAP,CURRENT_HASH_BOUND_SESSION_EVIDENCE_NOT_DATED_HISTORICAL_PROOF
FCG0095,2026-05-15T23:00:00,2026-05-18T01:00:00,50,49,2026-05-16T00:00:00,2026-05-18T00:00:00,FRIDAY,MONDAY,ANALYSIS_WINDOW_INTERNAL,WEEKEND_PATTERN,NO_EXACT_EFFECTIVE_HISTORICAL_COVERAGE,UNVERIFIED_GAP,CURRENT_HASH_BOUND_SESSION_EVIDENCE_NOT_DATED_HISTORICAL_PROOF
FCG0096,2026-05-18T23:00:00,2026-05-19T01:00:00,2,1,2026-05-19T00:00:00,2026-05-19T00:00:00,MONDAY,TUESDAY,ANALYSIS_WINDOW_INTERNAL,DAILY_BREAK_PATTERN,NO_EXACT_EFFECTIVE_HISTORICAL_COVERAGE,UNVERIFIED_GAP,CURRENT_HASH_BOUND_SESSION_EVIDENCE_NOT_DATED_HISTORICAL_PROOF
FCG0097,2026-05-19T23:00:00,2026-05-20T01:00:00,2,1,2026-05-20T00:00:00,2026-05-20T00:00:00,TUESDAY,WEDNESDAY,ANALYSIS_WINDOW_INTERNAL,DAILY_BREAK_PATTERN,NO_EXACT_EFFECTIVE_HISTORICAL_COVERAGE,UNVERIFIED_GAP,CURRENT_HASH_BOUND_SESSION_EVIDENCE_NOT_DATED_HISTORICAL_PROOF
FCG0098,2026-05-20T23:00:00,2026-05-21T01:00:00,2,1,2026-05-21T00:00:00,2026-05-21T00:00:00,WEDNESDAY,THURSDAY,ANALYSIS_WINDOW_INTERNAL,DAILY_BREAK_PATTERN,NO_EXACT_EFFECTIVE_HISTORICAL_COVERAGE,UNVERIFIED_GAP,CURRENT_HASH_BOUND_SESSION_EVIDENCE_NOT_DATED_HISTORICAL_PROOF
FCG0099,2026-05-21T23:00:00,2026-05-22T01:00:00,2,1,2026-05-22T00:00:00,2026-05-22T00:00:00,THURSDAY,FRIDAY,ANALYSIS_WINDOW_INTERNAL,DAILY_BREAK_PATTERN,NO_EXACT_EFFECTIVE_HISTORICAL_COVERAGE,UNVERIFIED_GAP,CURRENT_HASH_BOUND_SESSION_EVIDENCE_NOT_DATED_HISTORICAL_PROOF
FCG0100,2026-05-22T23:00:00,2026-05-25T01:00:00,50,49,2026-05-23T00:00:00,2026-05-25T00:00:00,FRIDAY,MONDAY,ANALYSIS_WINDOW_INTERNAL,WEEKEND_PATTERN,NO_EXACT_EFFECTIVE_HISTORICAL_COVERAGE,UNVERIFIED_GAP,CURRENT_HASH_BOUND_SESSION_EVIDENCE_NOT_DATED_HISTORICAL_PROOF
FCG0101,2026-05-25T21:00:00,2026-05-26T01:00:00,4,3,2026-05-25T22:00:00,2026-05-26T00:00:00,MONDAY,TUESDAY,ANALYSIS_WINDOW_INTERNAL,EARLY_CLOSE_OR_EXTENDED_BREAK_PATTERN,NO_EXACT_EFFECTIVE_HISTORICAL_COVERAGE,UNVERIFIED_GAP,CURRENT_HASH_BOUND_SESSION_EVIDENCE_NOT_DATED_HISTORICAL_PROOF
FCG0102,2026-05-26T23:00:00,2026-05-27T01:00:00,2,1,2026-05-27T00:00:00,2026-05-27T00:00:00,TUESDAY,WEDNESDAY,ANALYSIS_WINDOW_INTERNAL,DAILY_BREAK_PATTERN,NO_EXACT_EFFECTIVE_HISTORICAL_COVERAGE,UNVERIFIED_GAP,CURRENT_HASH_BOUND_SESSION_EVIDENCE_NOT_DATED_HISTORICAL_PROOF
FCG0103,2026-05-27T23:00:00,2026-05-28T01:00:00,2,1,2026-05-28T00:00:00,2026-05-28T00:00:00,WEDNESDAY,THURSDAY,ANALYSIS_WINDOW_INTERNAL,DAILY_BREAK_PATTERN,NO_EXACT_EFFECTIVE_HISTORICAL_COVERAGE,UNVERIFIED_GAP,CURRENT_HASH_BOUND_SESSION_EVIDENCE_NOT_DATED_HISTORICAL_PROOF
FCG0104,2026-05-28T23:00:00,2026-05-29T01:00:00,2,1,2026-05-29T00:00:00,2026-05-29T00:00:00,THURSDAY,FRIDAY,ANALYSIS_WINDOW_INTERNAL,DAILY_BREAK_PATTERN,NO_EXACT_EFFECTIVE_HISTORICAL_COVERAGE,UNVERIFIED_GAP,CURRENT_HASH_BOUND_SESSION_EVIDENCE_NOT_DATED_HISTORICAL_PROOF
FCG0105,2026-05-29T23:00:00,2026-06-01T01:00:00,50,49,2026-05-30T00:00:00,2026-06-01T00:00:00,FRIDAY,MONDAY,ANALYSIS_WINDOW_INTERNAL,WEEKEND_PATTERN,NO_EXACT_EFFECTIVE_HISTORICAL_COVERAGE,UNVERIFIED_GAP,CURRENT_HASH_BOUND_SESSION_EVIDENCE_NOT_DATED_HISTORICAL_PROOF
FCG0106,2026-06-01T23:00:00,2026-06-02T01:00:00,2,1,2026-06-02T00:00:00,2026-06-02T00:00:00,MONDAY,TUESDAY,ANALYSIS_WINDOW_INTERNAL,DAILY_BREAK_PATTERN,NO_EXACT_EFFECTIVE_HISTORICAL_COVERAGE,UNVERIFIED_GAP,CURRENT_HASH_BOUND_SESSION_EVIDENCE_NOT_DATED_HISTORICAL_PROOF
FCG0107,2026-06-02T23:00:00,2026-06-03T01:00:00,2,1,2026-06-03T00:00:00,2026-06-03T00:00:00,TUESDAY,WEDNESDAY,ANALYSIS_WINDOW_INTERNAL,DAILY_BREAK_PATTERN,NO_EXACT_EFFECTIVE_HISTORICAL_COVERAGE,UNVERIFIED_GAP,CURRENT_HASH_BOUND_SESSION_EVIDENCE_NOT_DATED_HISTORICAL_PROOF
FCG0108,2026-06-03T23:00:00,2026-06-04T01:00:00,2,1,2026-06-04T00:00:00,2026-06-04T00:00:00,WEDNESDAY,THURSDAY,ANALYSIS_WINDOW_INTERNAL,DAILY_BREAK_PATTERN,NO_EXACT_EFFECTIVE_HISTORICAL_COVERAGE,UNVERIFIED_GAP,CURRENT_HASH_BOUND_SESSION_EVIDENCE_NOT_DATED_HISTORICAL_PROOF
FCG0109,2026-06-04T23:00:00,2026-06-05T01:00:00,2,1,2026-06-05T00:00:00,2026-06-05T00:00:00,THURSDAY,FRIDAY,ANALYSIS_WINDOW_INTERNAL,DAILY_BREAK_PATTERN,NO_EXACT_EFFECTIVE_HISTORICAL_COVERAGE,UNVERIFIED_GAP,CURRENT_HASH_BOUND_SESSION_EVIDENCE_NOT_DATED_HISTORICAL_PROOF
FCG0110,2026-06-05T23:00:00,2026-06-08T01:00:00,50,49,2026-06-06T00:00:00,2026-06-08T00:00:00,FRIDAY,MONDAY,ANALYSIS_WINDOW_INTERNAL,WEEKEND_PATTERN,NO_EXACT_EFFECTIVE_HISTORICAL_COVERAGE,UNVERIFIED_GAP,CURRENT_HASH_BOUND_SESSION_EVIDENCE_NOT_DATED_HISTORICAL_PROOF
FCG0111,2026-06-08T23:00:00,2026-06-09T01:00:00,2,1,2026-06-09T00:00:00,2026-06-09T00:00:00,MONDAY,TUESDAY,ANALYSIS_WINDOW_INTERNAL,DAILY_BREAK_PATTERN,NO_EXACT_EFFECTIVE_HISTORICAL_COVERAGE,UNVERIFIED_GAP,CURRENT_HASH_BOUND_SESSION_EVIDENCE_NOT_DATED_HISTORICAL_PROOF
FCG0112,2026-06-09T23:00:00,2026-06-10T01:00:00,2,1,2026-06-10T00:00:00,2026-06-10T00:00:00,TUESDAY,WEDNESDAY,ANALYSIS_WINDOW_INTERNAL,DAILY_BREAK_PATTERN,NO_EXACT_EFFECTIVE_HISTORICAL_COVERAGE,UNVERIFIED_GAP,CURRENT_HASH_BOUND_SESSION_EVIDENCE_NOT_DATED_HISTORICAL_PROOF
FCG0113,2026-06-10T23:00:00,2026-06-11T01:00:00,2,1,2026-06-11T00:00:00,2026-06-11T00:00:00,WEDNESDAY,THURSDAY,ANALYSIS_WINDOW_INTERNAL,DAILY_BREAK_PATTERN,NO_EXACT_EFFECTIVE_HISTORICAL_COVERAGE,UNVERIFIED_GAP,CURRENT_HASH_BOUND_SESSION_EVIDENCE_NOT_DATED_HISTORICAL_PROOF
FCG0114,2026-06-11T23:00:00,2026-06-12T01:00:00,2,1,2026-06-12T00:00:00,2026-06-12T00:00:00,THURSDAY,FRIDAY,ANALYSIS_WINDOW_INTERNAL,DAILY_BREAK_PATTERN,NO_EXACT_EFFECTIVE_HISTORICAL_COVERAGE,UNVERIFIED_GAP,CURRENT_HASH_BOUND_SESSION_EVIDENCE_NOT_DATED_HISTORICAL_PROOF
FCG0115,2026-06-12T23:00:00,2026-06-15T01:00:00,50,49,2026-06-13T00:00:00,2026-06-15T00:00:00,FRIDAY,MONDAY,ANALYSIS_WINDOW_INTERNAL,WEEKEND_PATTERN,NO_EXACT_EFFECTIVE_HISTORICAL_COVERAGE,UNVERIFIED_GAP,CURRENT_HASH_BOUND_SESSION_EVIDENCE_NOT_DATED_HISTORICAL_PROOF
FCG0116,2026-06-15T23:00:00,2026-06-16T01:00:00,2,1,2026-06-16T00:00:00,2026-06-16T00:00:00,MONDAY,TUESDAY,ANALYSIS_WINDOW_INTERNAL,DAILY_BREAK_PATTERN,NO_EXACT_EFFECTIVE_HISTORICAL_COVERAGE,UNVERIFIED_GAP,CURRENT_HASH_BOUND_SESSION_EVIDENCE_NOT_DATED_HISTORICAL_PROOF
FCG0117,2026-06-16T23:00:00,2026-06-17T01:00:00,2,1,2026-06-17T00:00:00,2026-06-17T00:00:00,TUESDAY,WEDNESDAY,ANALYSIS_WINDOW_INTERNAL,DAILY_BREAK_PATTERN,NO_EXACT_EFFECTIVE_HISTORICAL_COVERAGE,UNVERIFIED_GAP,CURRENT_HASH_BOUND_SESSION_EVIDENCE_NOT_DATED_HISTORICAL_PROOF
FCG0118,2026-06-17T23:00:00,2026-06-18T01:00:00,2,1,2026-06-18T00:00:00,2026-06-18T00:00:00,WEDNESDAY,THURSDAY,ANALYSIS_WINDOW_INTERNAL,DAILY_BREAK_PATTERN,NO_EXACT_EFFECTIVE_HISTORICAL_COVERAGE,UNVERIFIED_GAP,CURRENT_HASH_BOUND_SESSION_EVIDENCE_NOT_DATED_HISTORICAL_PROOF
FCG0119,2026-06-18T23:00:00,2026-06-19T01:00:00,2,1,2026-06-19T00:00:00,2026-06-19T00:00:00,THURSDAY,FRIDAY,ANALYSIS_WINDOW_INTERNAL,DAILY_BREAK_PATTERN,NO_EXACT_EFFECTIVE_HISTORICAL_COVERAGE,UNVERIFIED_GAP,CURRENT_HASH_BOUND_SESSION_EVIDENCE_NOT_DATED_HISTORICAL_PROOF
FCG0120,2026-06-19T19:00:00,2026-06-22T01:00:00,54,53,2026-06-19T20:00:00,2026-06-22T00:00:00,FRIDAY,MONDAY,ANALYSIS_WINDOW_INTERNAL,WEEKEND_PATTERN,NO_EXACT_EFFECTIVE_HISTORICAL_COVERAGE,UNVERIFIED_GAP,CURRENT_HASH_BOUND_SESSION_EVIDENCE_NOT_DATED_HISTORICAL_PROOF
FCG0121,2026-06-22T23:00:00,2026-06-23T01:00:00,2,1,2026-06-23T00:00:00,2026-06-23T00:00:00,MONDAY,TUESDAY,ANALYSIS_WINDOW_INTERNAL,DAILY_BREAK_PATTERN,NO_EXACT_EFFECTIVE_HISTORICAL_COVERAGE,UNVERIFIED_GAP,CURRENT_HASH_BOUND_SESSION_EVIDENCE_NOT_DATED_HISTORICAL_PROOF
FCG0122,2026-06-23T23:00:00,2026-06-24T01:00:00,2,1,2026-06-24T00:00:00,2026-06-24T00:00:00,TUESDAY,WEDNESDAY,ANALYSIS_WINDOW_INTERNAL,DAILY_BREAK_PATTERN,NO_EXACT_EFFECTIVE_HISTORICAL_COVERAGE,UNVERIFIED_GAP,CURRENT_HASH_BOUND_SESSION_EVIDENCE_NOT_DATED_HISTORICAL_PROOF
FCG0123,2026-06-24T23:00:00,2026-06-25T01:00:00,2,1,2026-06-25T00:00:00,2026-06-25T00:00:00,WEDNESDAY,THURSDAY,ANALYSIS_WINDOW_INTERNAL,DAILY_BREAK_PATTERN,NO_EXACT_EFFECTIVE_HISTORICAL_COVERAGE,UNVERIFIED_GAP,CURRENT_HASH_BOUND_SESSION_EVIDENCE_NOT_DATED_HISTORICAL_PROOF
FCG0124,2026-06-25T23:00:00,2026-06-26T01:00:00,2,1,2026-06-26T00:00:00,2026-06-26T00:00:00,THURSDAY,FRIDAY,ANALYSIS_WINDOW_INTERNAL,DAILY_BREAK_PATTERN,NO_EXACT_EFFECTIVE_HISTORICAL_COVERAGE,UNVERIFIED_GAP,CURRENT_HASH_BOUND_SESSION_EVIDENCE_NOT_DATED_HISTORICAL_PROOF
FCG0125,2026-06-26T23:00:00,2026-06-29T01:00:00,50,49,2026-06-27T00:00:00,2026-06-29T00:00:00,FRIDAY,MONDAY,ANALYSIS_WINDOW_INTERNAL,WEEKEND_PATTERN,NO_EXACT_EFFECTIVE_HISTORICAL_COVERAGE,UNVERIFIED_GAP,CURRENT_HASH_BOUND_SESSION_EVIDENCE_NOT_DATED_HISTORICAL_PROOF
FCG0126,2026-06-29T23:00:00,2026-06-30T01:00:00,2,1,2026-06-30T00:00:00,2026-06-30T00:00:00,MONDAY,TUESDAY,ANALYSIS_WINDOW_INTERNAL,DAILY_BREAK_PATTERN,NO_EXACT_EFFECTIVE_HISTORICAL_COVERAGE,UNVERIFIED_GAP,CURRENT_HASH_BOUND_SESSION_EVIDENCE_NOT_DATED_HISTORICAL_PROOF
FCG0127,2026-06-30T23:00:00,2026-07-01T01:00:00,2,1,2026-07-01T00:00:00,2026-07-01T00:00:00,TUESDAY,WEDNESDAY,ANALYSIS_TO_BUFFER_BOUNDARY,DAILY_BREAK_PATTERN,NO_EXACT_EFFECTIVE_HISTORICAL_COVERAGE,UNVERIFIED_GAP,CURRENT_HASH_BOUND_SESSION_EVIDENCE_NOT_DATED_HISTORICAL_PROOF
FCG0128,2026-07-01T23:00:00,2026-07-02T01:00:00,2,1,2026-07-02T00:00:00,2026-07-02T00:00:00,WEDNESDAY,THURSDAY,CONTRACTED_RIGHT_BUFFER,DAILY_BREAK_PATTERN,NO_EXACT_EFFECTIVE_HISTORICAL_COVERAGE,UNVERIFIED_GAP,CURRENT_HASH_BOUND_SESSION_EVIDENCE_NOT_DATED_HISTORICAL_PROOF
FCG0129,2026-07-02T23:00:00,2026-07-03T01:00:00,2,1,2026-07-03T00:00:00,2026-07-03T00:00:00,THURSDAY,FRIDAY,CONTRACTED_RIGHT_BUFFER,DAILY_BREAK_PATTERN,NO_EXACT_EFFECTIVE_HISTORICAL_COVERAGE,UNVERIFIED_GAP,CURRENT_HASH_BOUND_SESSION_EVIDENCE_NOT_DATED_HISTORICAL_PROOF
FCG0130,2026-07-03T19:00:00,2026-07-06T01:00:00,54,53,2026-07-03T20:00:00,2026-07-06T00:00:00,FRIDAY,MONDAY,CONTRACTED_RIGHT_BUFFER,WEEKEND_PATTERN,NO_EXACT_EFFECTIVE_HISTORICAL_COVERAGE,UNVERIFIED_GAP,CURRENT_HASH_BOUND_SESSION_EVIDENCE_NOT_DATED_HISTORICAL_PROOF
FCG0131,2026-07-06T23:00:00,2026-07-07T01:00:00,2,1,2026-07-07T00:00:00,2026-07-07T00:00:00,MONDAY,TUESDAY,CONTRACTED_RIGHT_BUFFER,DAILY_BREAK_PATTERN,NO_EXACT_EFFECTIVE_HISTORICAL_COVERAGE,UNVERIFIED_GAP,CURRENT_HASH_BOUND_SESSION_EVIDENCE_NOT_DATED_HISTORICAL_PROOF
FCG0132,2026-07-07T23:00:00,2026-07-08T01:00:00,2,1,2026-07-08T00:00:00,2026-07-08T00:00:00,TUESDAY,WEDNESDAY,SURPLUS_POST_CONTRACT_BUFFER,DAILY_BREAK_PATTERN,NO_EXACT_EFFECTIVE_HISTORICAL_COVERAGE,UNVERIFIED_GAP,CURRENT_HASH_BOUND_SESSION_EVIDENCE_NOT_DATED_HISTORICAL_PROOF
FCG0133,2026-07-08T23:00:00,2026-07-09T01:00:00,2,1,2026-07-09T00:00:00,2026-07-09T00:00:00,WEDNESDAY,THURSDAY,SURPLUS_POST_CONTRACT_BUFFER,DAILY_BREAK_PATTERN,NO_EXACT_EFFECTIVE_HISTORICAL_COVERAGE,UNVERIFIED_GAP,CURRENT_HASH_BOUND_SESSION_EVIDENCE_NOT_DATED_HISTORICAL_PROOF
FCG0134,2026-07-09T23:00:00,2026-07-10T01:00:00,2,1,2026-07-10T00:00:00,2026-07-10T00:00:00,THURSDAY,FRIDAY,SURPLUS_POST_CONTRACT_BUFFER,DAILY_BREAK_PATTERN,NO_EXACT_EFFECTIVE_HISTORICAL_COVERAGE,UNVERIFIED_GAP,CURRENT_HASH_BOUND_SESSION_EVIDENCE_NOT_DATED_HISTORICAL_PROOF
FCG0135,2026-07-10T23:00:00,2026-07-13T01:00:00,50,49,2026-07-11T00:00:00,2026-07-13T00:00:00,FRIDAY,MONDAY,SURPLUS_POST_CONTRACT_BUFFER,WEEKEND_PATTERN,NO_EXACT_EFFECTIVE_HISTORICAL_COVERAGE,UNVERIFIED_GAP,CURRENT_HASH_BOUND_SESSION_EVIDENCE_NOT_DATED_HISTORICAL_PROOF
FCG0136,2026-07-13T23:00:00,2026-07-14T01:00:00,2,1,2026-07-14T00:00:00,2026-07-14T00:00:00,MONDAY,TUESDAY,SURPLUS_POST_CONTRACT_BUFFER,DAILY_BREAK_PATTERN,NO_EXACT_EFFECTIVE_HISTORICAL_COVERAGE,UNVERIFIED_GAP,CURRENT_HASH_BOUND_SESSION_EVIDENCE_NOT_DATED_HISTORICAL_PROOF
FCG0137,2026-07-14T23:00:00,2026-07-15T01:00:00,2,1,2026-07-15T00:00:00,2026-07-15T00:00:00,TUESDAY,WEDNESDAY,SURPLUS_POST_CONTRACT_BUFFER,DAILY_BREAK_PATTERN,NO_EXACT_EFFECTIVE_HISTORICAL_COVERAGE,UNVERIFIED_GAP,CURRENT_HASH_BOUND_SESSION_EVIDENCE_NOT_DATED_HISTORICAL_PROOF
FCG0138,2026-07-15T23:00:00,2026-07-16T01:00:00,2,1,2026-07-16T00:00:00,2026-07-16T00:00:00,WEDNESDAY,THURSDAY,SURPLUS_POST_CONTRACT_BUFFER,DAILY_BREAK_PATTERN,NO_EXACT_EFFECTIVE_HISTORICAL_COVERAGE,UNVERIFIED_GAP,CURRENT_HASH_BOUND_SESSION_EVIDENCE_NOT_DATED_HISTORICAL_PROOF
FCG0139,2026-07-16T23:00:00,2026-07-17T01:00:00,2,1,2026-07-17T00:00:00,2026-07-17T00:00:00,THURSDAY,FRIDAY,SURPLUS_POST_CONTRACT_BUFFER,DAILY_BREAK_PATTERN,NO_EXACT_EFFECTIVE_HISTORICAL_COVERAGE,UNVERIFIED_GAP,CURRENT_HASH_BOUND_SESSION_EVIDENCE_NOT_DATED_HISTORICAL_PROOF
FCG0140,2026-07-17T23:00:00,2026-07-20T01:00:00,50,49,2026-07-18T00:00:00,2026-07-20T00:00:00,FRIDAY,MONDAY,SURPLUS_POST_CONTRACT_BUFFER,WEEKEND_PATTERN,NO_EXACT_EFFECTIVE_HISTORICAL_COVERAGE,UNVERIFIED_GAP,CURRENT_HASH_BOUND_SESSION_EVIDENCE_NOT_DATED_HISTORICAL_PROOF
FCG0141,2026-07-20T23:00:00,2026-07-21T01:00:00,2,1,2026-07-21T00:00:00,2026-07-21T00:00:00,MONDAY,TUESDAY,SURPLUS_POST_CONTRACT_BUFFER,DAILY_BREAK_PATTERN,NO_EXACT_EFFECTIVE_HISTORICAL_COVERAGE,UNVERIFIED_GAP,CURRENT_HASH_BOUND_SESSION_EVIDENCE_NOT_DATED_HISTORICAL_PROOF
FCG0142,2026-07-21T23:00:00,2026-07-22T01:00:00,2,1,2026-07-22T00:00:00,2026-07-22T00:00:00,TUESDAY,WEDNESDAY,SURPLUS_POST_CONTRACT_BUFFER,DAILY_BREAK_PATTERN,NO_EXACT_EFFECTIVE_HISTORICAL_COVERAGE,UNVERIFIED_GAP,CURRENT_HASH_BOUND_SESSION_EVIDENCE_NOT_DATED_HISTORICAL_PROOF
FCG0143,2026-07-22T23:00:00,2026-07-23T01:00:00,2,1,2026-07-23T00:00:00,2026-07-23T00:00:00,WEDNESDAY,THURSDAY,SURPLUS_POST_CONTRACT_BUFFER,DAILY_BREAK_PATTERN,NO_EXACT_EFFECTIVE_HISTORICAL_COVERAGE,UNVERIFIED_GAP,CURRENT_HASH_BOUND_SESSION_EVIDENCE_NOT_DATED_HISTORICAL_PROOF
FCG0144,2026-07-23T23:00:00,2026-07-24T01:00:00,2,1,2026-07-24T00:00:00,2026-07-24T00:00:00,THURSDAY,FRIDAY,SURPLUS_POST_CONTRACT_BUFFER,DAILY_BREAK_PATTERN,NO_EXACT_EFFECTIVE_HISTORICAL_COVERAGE,UNVERIFIED_GAP,CURRENT_HASH_BOUND_SESSION_EVIDENCE_NOT_DATED_HISTORICAL_PROOF
FCG0145,2026-07-24T23:00:00,2026-07-27T01:00:00,50,49,2026-07-25T00:00:00,2026-07-27T00:00:00,FRIDAY,MONDAY,SURPLUS_POST_CONTRACT_BUFFER,WEEKEND_PATTERN,NO_EXACT_EFFECTIVE_HISTORICAL_COVERAGE,UNVERIFIED_GAP,CURRENT_HASH_BOUND_SESSION_EVIDENCE_NOT_DATED_HISTORICAL_PROOF
FCG0146,2026-07-27T23:00:00,2026-07-28T01:00:00,2,1,2026-07-28T00:00:00,2026-07-28T00:00:00,MONDAY,TUESDAY,SURPLUS_POST_CONTRACT_BUFFER,DAILY_BREAK_PATTERN,NO_EXACT_EFFECTIVE_HISTORICAL_COVERAGE,UNVERIFIED_GAP,CURRENT_HASH_BOUND_SESSION_EVIDENCE_NOT_DATED_HISTORICAL_PROOF
FCG0147,2026-07-28T23:00:00,2026-07-29T01:00:00,2,1,2026-07-29T00:00:00,2026-07-29T00:00:00,TUESDAY,WEDNESDAY,SURPLUS_POST_CONTRACT_BUFFER,DAILY_BREAK_PATTERN,NO_EXACT_EFFECTIVE_HISTORICAL_COVERAGE,UNVERIFIED_GAP,CURRENT_HASH_BOUND_SESSION_EVIDENCE_NOT_DATED_HISTORICAL_PROOF
FCG0148,2026-07-29T23:00:00,2026-07-30T01:00:00,2,1,2026-07-30T00:00:00,2026-07-30T00:00:00,WEDNESDAY,THURSDAY,SURPLUS_POST_CONTRACT_BUFFER,DAILY_BREAK_PATTERN,NO_EXACT_EFFECTIVE_HISTORICAL_COVERAGE,UNVERIFIED_GAP,CURRENT_HASH_BOUND_SESSION_EVIDENCE_NOT_DATED_HISTORICAL_PROOF
